Make,Model,Unit Number,Serial Number,Status,Bill To,Contact,Location
Bendi,B30-6/45-180D AC,18552,B3042ACCE1708A10573,Available,,,
Mac,MCM50A,19132C,18430085,Available,,,
Douglas,24-85-15,19409B,RTA00009515,Available,,,
Linde,E20AC,19811,A1X346Y00144,Available,,,
Linde,E20,20071,A1X346Y00654,Available,,,
Crown,24-85-15,20173B,74160I1,Available,,,
Crown,24-85-15,20178B,74165I1,Available,,,
Crown,24-85-15,20188B,74169I1,Available,,,
Linde,H35D-02,19498,H2X393X00633,Available,,,
Crown,24-85-15,20444B,80769A2,Available,,,
Linde,E20,19879,A1X346Y00459,Available,,,
Linde,E20-346,20064,A1X346Y00599,Available,,,
Crown,24-85-15,19950B,57570A1,Available,,,
Linde,E18-AC,20403,A1X346Y00549,Available,,,
Crown,24-85-15,20442B,80767A2,Available,,,
Linde,H30T-1202-01,20503,H21202Y07543,Available,,,
Linde,E20AC,19993,A1X346Y00509,Available,,,
Linde,E20-346,20063,A1X346Y00598,Available,,,
Komatsu,FG30SHT-16,17685,A430139,Available,,,
TOYOTA,7FGCU45-BCS,18161,71225,Available,,,
Komatsu,FG25ST16,18795,A452967,Available,,,
Mac,MCM50A,19224C,19040036,Available,,,
Linde,E20-346,20798,A1Y346N00453,Available,,,
Mac,MCM50A,18405C,16470020,Available,,,
Linde,H30D-393-02,18834,H2X393J02166,Available,,,
Crown,24-85-17,20868B,97841L2,Available,,,
Mac,MCM50A,17946C,15410103,Available,,,
Linde,E20-AC,18325,A1X346G00506,Available,,,
Komatsu,FG25ST16,19458,A454217,Available,,,
Linde,ML14ASX,19875,AT8907Y00001,Available,,,
Crown,SHR5520-30TT,20133,6A320087,Available,,,
Jlg,ES2646,21285,M200081471,Available,,,
Komatsu,FG25ST16,21338,A456502,Available,,,
Komatsu,FG25T16,21421,A418215,Available,,,
,,null,Z452512A-43084,Available,,,
TOYOTA,8HBW23,19284,32551,Available,,,
Komatsu,FG25ST16,19459,A454218,Available,,,
Komatsu,FG25T16,20148,A417627,Available,,,
,,TUGBAT,TUGBAT,Available,,,
Komatsu,FG25T16,19890,A416164,Available,,,
Komatsu,FG30SHT-16,20142,A430854,Available,,,
Komatsu,FG30SHT-16,21354,A430925,Available,,,
Komatsu,FG30SHT-16,21373,A430924,Available,,,
Komatsu,FG25T16,21420,A418214,Available,,,
Komatsu,FG25T16,21422,A418216,Available,,,
Komatsu,FG25T16,19581,A415510,Available,,,
Komatsu,FG25T16,19582,A415511,Available,,,
Komatsu,FG30SHT-16,19586,A430697,Available,,,
Komatsu,FG25T16,20147,A417628,Available,,,
Crown,24-85-17,20966B,97842K2,Available,,,
Unicarriers,CF155,21071,AU89B10102,Available,,,
Komatsu,FG25ST16,21339,A456503,Available,,,
Jlg,ES1932,21352,M200085127,Available,,,
,,PBATRO1,PBATRO1,Available,,,
Crown,24-85-15,21727,38345L4,Available,,,
Bendi,B30-6/45AC-180D,20129,B3042ACCE2109B13332,Available,,,
Sbs,12-300T-7,20135B,BFA1747,Available,,,
Komatsu,FG25T16,20149,A417629,Available,,,
Komatsu,FG25ST16,21326,A456500,Available,,,
Komatsu,FG25T16,21424,A418218,Available,,,
Unicarriers,MAP1F1A18LV/AF35LP,19109,AP1F1-9T20943,Available,,,
Mac,MCM50A,20522C,22120048,Available,,,
Nissan,NO1L15V,SER01,NO1-7V0331,Available,,,
,,null,293060,Available,,,
,,PBATSL1,PBATSL1,Available,,,
Mac,MCM50A,20524C,22120050,Available,,,
Jlg,ES2632,20537,M200059152,Available,,,
Mac,MCM50A,20711C,22370049,Available,,,
Bendi,B30-6/45-180D AC,20965,B3042ACCE2305C14316,Available,,,
Clark,C80D,19018,P680D-0270-9966KF,Available,,,
Mac,MCM50A,19225C,19040041,Available,,,
Jlg,1932R,19332,M200026107,Available,,,
Unicarriers,MAP1F1A18LV/AF35LP,19569,AP1F1-9T21260,Available,,,
Unicarriers,MAP1F1A18LV  AF35LP,19773,AP1F1-9T21414,Available,,,
Sbs,12-300T-7,20133B,BGA1897,Available,,,
Jlg,ES1932,20345,M200056734,Available,,,
,,null,218919,Available,,,